{
  " San Antonio": "Texas",
  " St. Louis": "Missouri",
  "Abbotsford": "Wisconsin",
  "Aberdeen": "Washington",
  "Akron": "Ohio",
  "Albany": "New York",
  "Albuquerque": "New Mexico",
  "Alexandria": "Virginia",
  "Allentown": "Pennsylvania",
  "Alpharetta": "Georgia",
  "Alpine": "Texas",
  "Amarillo": "Texas",
  "Ames": "Iowa",
  "Anaheim": "California",
  "Apopka": "Florida",
  "Appleton": "Wisconsin",
  "Ardmore": "Oklahoma",
  "Arlington": "Virginia",
  "Asheville": "North Carolina",
  "Atlanta": "Georgia",
  "Atlanta ": "Georgia",
  "Atlantic City": "New Jersey",
  "Auburn": "Alabama",
  "Augusta": "Georgia",
  "Austin": "Texas",
  "Baltimore": "Maryland",
  "Bangor": "Maine",
  "Baton Rouge": "Louisiana",
  "Beaumont": "Texas",
  "Bellvue": "Washington",
  "Bemidji": "Minnesota",
  "Bend": "Oregon",
  "Berkeley": "California",
  "Berlin": "New Hampshire",
  "Bethel": "Alaska",
  "Bethlehem": "Pennsylvania",
  "Billings": "Montana",
  "Biloxi": "Mississippi",
  "Binghamton": "New York",
  "Birmingham": "Alabama",
  "Bismarck": "North Dakota",
  "Blacksburg": "Virginia",
  "Boise": "Idaho",
  "Bonner": "Idaho",
  "Bonner Springs": "Kansas",
  "Bossier City": "Louisiana",
  "Boston": "Massachusetts",
  "Bowling Green": "Kentucky",
  "Bozeman": "Montana",
  "Brandon": "Florida",
  "Bridgeport": "Connecticut",
  "Bristol": "Connecticut",
  "Bristow": "Oklahoma",
  "Brookfield": "Wisconsin",
  "Buenos Aires": "Arizona",
  "Buffalo": "New York",
  "Burgettstown": "Pennsylvania",
  "Burlington": "Vermont",
  "Camden": "New Jersey",
  "Canandaigua": "New York",
  "Capitol Theatre": "Utah",
  "Carnation": "Washington",
  "Cary": "North Carolina",
  "Cedar Falls": "Iowa",
  "Cedar Park": "Texas",
  "Cedar Rapids": "Iowa",
  "Cerritos": "California",
  "Champaign": "Illinois",
  "Chandler": "Arizona",
  "Charles Town": "West Virginia",
  "Charleston": "South Carolina",
  "Charlotte": "North Carolina",
  "Charlottesville": "Virginia",
  "Chattanooga": "Tennessee",
  "Cheyenne": "Wyoming",
  "Chicago": "Illinois",
  "Chula Vista": "California",
  "Cincinnati": "Ohio",
  "Clarksburg": "West Virginia",
  "Clarkston": "Michigan",
  "Clarksville": "Tennessee",
  "Clearwater": "Florida",
  "Cleveland": "Ohio",
  "College Station": "Texas",
  "Colorado Springs": "Colorado",
  "Columbia": "South Carolina",
  "Columbus": "Ohio",
  "Concord": "New Hampshire",
  "Corbin": "Kentucky",
  "Corpus Christi": "Texas",
  "Costa Mesa": "California",
  "Council Bluffs": "Iowa",
  "Cuyahoga Falls": "Ohio",
  "Dallas": "Texas",
  "Darien": "Connecticut",
  "Darien Center": "New York",
  "Davenport": "Iowa",
  "Dayton": "Ohio",
  "Daytona Beach": "Florida",
  "Denver": "Colorado",
  "Des Moines": "Iowa",
  "Detroit": "Michigan",
  "Duluth": "Minnesota",
  "Dunedin": "Florida",
  "Durant": "Oklahoma",
  "Durham": "North Carolina",
  "East Hartford": "Connecticut",
  "East Rutherford": "New Jersey",
  "East Troy": "Wisconsin",
  "Eau Claire": "Wisconsin",
  "Edinburg": "Texas",
  "El Paso": "Texas",
  "Elkhart": "Indiana",
  "Englewood": "Colorado",
  "Erie": "Pennsylvania",
  "Estero": "Florida",
  "Eugene": "Oregon",
  "Evanston": "Illinois",
  "Evansville": "Indiana",
  "Everett": "Washington",
  "Fairfax": "Virginia",
  "Fargo": "North Dakota",
  "Flagstaff": "Arizona",
  "Flint": "Michigan",
  "Florence": "South Carolina",
  "Fort Collins": "Colorado",
  "Fort Myers": "Florida",
  "Fort Wayne": "Indiana",
  "Fort Worth": "Texas",
  "Foxborough": "Massachusetts",
  "Franklin": "Tennessee",
  "Frenchtown": "New Jersey",
  "Fresno": "California",
  "Garland": "Texas",
  "Gautier": "Mississippi",
  "George": "Washington",
  "Gilford": "New Hampshire",
  "Glendale": "California",
  "Grand Forks": "North Dakota",
  "Grand Island": "Nebraska",
  "Grand Junction": "Colorado",
  "Grand Prairie": "Texas",
  "Grand Rapids": "Michigan",
  "Greeley": "Colorado",
  "Green Bay": "Wisconsin",
  "Greensboro": "North Carolina",
  "Greenville": "South Carolina",
  "Hampton": "Virginia",
  "Harrisburg": "Pennsylvania",
  "Hartford": "Connecticut",
  "Henderson": "Nevada",
  "Hershey": "Pennsylvania",
  "Hidalgo": "Texas",
  "Highland": "California",
  "Highland Heights": "Ohio",
  "Hoffman Estates": "Illinois",
  "Hollywood": "California",
  "Holmdel": "New Jersey",
  "Honolulu": "Hawaii",
  "Houston": "Texas",
  "Hudsonville": "Michigan",
  "Huntington": "West Virginia",
  "Huntsville": "Alabama",
  "Idaho Falls": "Idaho",
  "Independence": "Missouri",
  "Indianapolis": "Indiana",
  "Inglewood": "California",
  "Irving": "Texas",
  "Jackson": "Mississippi",
  "Jacksonville": "Florida",
  "Jonesboro": "Arkansas",
  "Joplin": "Missouri",
  "Jupiter": "Florida",
  "Kalamazoo": "Michigan",
  "Kansas City": "Missouri",
  "Kennesaw": "Georgia",
  "Kennewick": "Washington",
  "Kenosha": "Wisconsin",
  "Kent": "Washington",
  "Knoxville": "Tennessee",
  "LaGrange": "Georgia",
  "Lafayette": "Louisiana",
  "Landover": "Maryland",
  "Laredo": "Texas",
  "Las Vegas": "Nevada",
  "Las Vegas ": "Nevada",
  "Laval": "Maryland",
  "Lewiston": "Maine",
  "Lexington": "Kentucky",
  "Lincoln": "Nebraska",
  "Lisbon": "Ohio",
  "Little Rock": "Arkansas",
  "Logan": "Utah",
  "Long Beach": "California",
  "Longview": "Texas",
  "Los Angeles": "California",
  "Louisville": "Kentucky",
  "Loveland": "Colorado",
  "Lowell": "Massachusetts",
  "Lubbock": "Texas",
  "Macon": "Georgia",
  "Madison": "Wisconsin",
  "Manchester": "New Hampshire",
  "Manhattan": "New York",
  "Mansfield": "Texas",
  "Maryland Heights": "Missouri",
  "Mashantucket": "Connecticut",
  "Medford": "Oregon",
  "Melbourne": "Florida",
  "Memphis": "Tennessee",
  "Mesa": "Arizona",
  "Miami": "Florida",
  "Midland": "Texas",
  "Mill Valley": "California",
  "Milwaukee": "Wisconsin",
  "Minneapolis": "Minnesota",
  "Missoula": "Montana",
  "Mobile": "Alabama",
  "Modesto": "California",
  "Moline": "Illinois",
  "Monterrey": "California",
  "Monticello": "Arkansas",
  "Montreal": "Wisconsin",
  "Morrison": "Colorado",
  "Morristown": "New Jersey",
  "Morro Bay": "California",
  "Mount Pleasant": "South Carolina",
  "Mountain View": "California",
  "Muncie": "Indiana",
  "Myrtle Beach": "South Carolina",
  "Nampa": "Idaho",
  "Nashville": "Tennessee",
  "New Braunfels": "Texas",
  "New Orleans": "Louisiana",
  "New Town": "North Dakota",
  "New York": "New York",
  "New York ": "New York",
  "Newark": "New Jersey",
  "Newark ": "New Jersey",
  "Newcastle": "Maine",
  "Newport": "Rhode Island",
  "Niagara Falls": "New York",
  "Noblesville": "Indiana",
  "Norfolk": "Virginia",
  "North Charleston": "South Carolina",
  "North Little Rock": "Arkansas",
  "North Myrtle Beach": "South Carolina",
  "Oakland": "California",
  "Oceanside": "California",
  "Oklahoma City": "Oklahoma",
  "Omaha": "Nebraska",
  "Ontario": "California",
  "Orange Beach": "Alabama",
  "Orchard Park": "New York",
  "Orlando": "Florida",
  "Ormond Beach": "Florida",
  "Ottawa": "Michigan",
  "Ottumwa": "Iowa",
  "Owensboro": "Kentucky",
  "Oxon Hill": "Maryland",
  "Palm Desert": "California",
  "Palm Springs": "California",
  "Paris": "Oregon",
  "Park City": "Utah",
  "Paso Robles": "California",
  "Pawtucket": "Rhode Island",
  "Pelham": "Alabama",
  "Pensacola": "Florida",
  "Peoria": "Illinois",
  "Philadelphia": "Pennsylvania",
  "Phoenix": "Arizona",
  "Pittsburgh": "Pennsylvania",
  "Plant City": "Florida",
  "Pocatello": "Idaho",
  "Portland": "Oregon",
  "Portsmouth": "New Hampshire",
  "Prestonsburg": "Kentucky",
  "Princeton": "New Jersey",
  "Providence": "Rhode Island",
  "Pueblo": "Colorado",
  "Quebec City": "Montana",
  "Raleigh": "North Carolina",
  "Rama": "Washington",
  "Rapid City": "South Dakota",
  "Reading": "Pennsylvania",
  "Red Bank": "New Jersey",
  "Redmond": "Washington",
  "Regina": "New Mexico",
  "Reno": "Nevada",
  "Richmond": "Virginia",
  "Ridgedale": "Missouri",
  "Ridgefield": "Connecticut",
  "Rio De Janeiro": "Rio de Janeiro",
  "Rio Rancho": "New Mexico",
  "Riverside": "California",
  "Roanoke": "Virginia",
  "Robinsonville": "Mississippi",
  "Rochester": "New York",
  "Rockford": "Illinois",
  "Rogers": "Arkansas",
  "Rohnert Park": "California",
  "Rosemont": "Illinois",
  "Sacramento": "California",
  "Saginaw": "Michigan",
  "Saint Augustine": "Florida",
  "Saint Charles": "Missouri",
  "Saint Paul": "Minnesota",
  "Salt Lake City": "Utah",
  "Salt Lake City ": "Utah",
  "San Antonio": "Texas",
  "San Bernardino": "California",
  "San Diego": "California",
  "San Francisco": "California",
  "San Jose": "California",
  "San Luis Obispo": "California",
  "Sandy": "Utah",
  "Santa Ana": "California",
  "Santa Clara": "California",
  "Santiago": "Washington",
  "Sarasota": "Florida",
  "Saratoga Springs": "New York",
  "Savannah": "Georgia",
  "Scranton": "Pennsylvania",
  "Seattle": "Washington",
  "Shippensburg": "Pennsylvania",
  "Shipshewana": "Indiana",
  "Shirley": "New York",
  "Silver Spring": "Maryland",
  "Simpsonville": "South Carolina",
  "Sioux City": "Iowa",
  "Sioux Falls": "South Dakota",
  "Solana Beach": "California",
  "Somerset": "New Jersey",
  "Southaven": "Mississippi",
  "Spokane": "Washington",
  "Springfield": "Illinois",
  "St. Louis": "Missouri",
  "St. Louis ": "Missouri",
  "St. Paul": "Minnesota",
  "Stanford": "California",
  "Starkville": "Mississippi",
  "State College": "Pennsylvania",
  "Stateline": "Nevada",
  "Statesboro": "Georgia",
  "Sterling Heights": "Michigan",
  "Stockton": "California",
  "Sugar Land": "Texas",
  "Sunrise": "Florida",
  "Sunset Hills": "Missouri",
  "Syracuse": "New York",
  "S\u00e3o Paulo": "State of S\u00e3o Paulo",
  "Tacoma": "Washington",
  "Tallahassee": "Florida",
  "Tampa": "Florida",
  "Tempe": "Arizona",
  "Thackerville": "Oklahoma",
  "Thousand Oaks": "California",
  "Tinley Park": "Illinois",
  "Toledo": "Ohio",
  "Trenton": "New Jersey",
  "Troutdale": "Oregon",
  "Tucson": "Arizona",
  "Tulalip": "Washington",
  "Tulsa": "Oklahoma",
  "Tuscaloosa": "Alabama",
  "Uncasville": "Connecticut",
  "University Park": "Florida",
  "Urbana": "Illinois",
  "Valley Center": "California",
  "Venice": "Florida",
  "Verona": "Wisconsin",
  "Virginia Beach": "Virginia",
  "Wakefield": "Massachusetts",
  "Wallingford": "Connecticut",
  "Wantagh": "New York",
  "Washington": "Washington",
  "Wausau": "Wisconsin",
  "West Hollywood": "California",
  "West Palm Beach": "Florida",
  "West Valley City": "Utah",
  "Wheatland": "California",
  "Wheeling": "West Virginia",
  "White Plains": "New York",
  "Wichita": "Kansas",
  "Wichita Falls": "Texas",
  "Wilkes-Barre": "Pennsylvania",
  "Wilmington": "Delaware",
  "Winder": "Georgia",
  "Winnipeg": "Missouri",
  "Woodinville": "Washington",
  "Woodlands": "Texas",
  "Worcester": "Massachusetts",
  "Youngstown": "Ohio"
}